,id,rank,name,position_id,position_name,level
0,101,1,Legend,11,st,60.0
1,65,2,Agal,13,wf,58.0
2,23,3,Heathcliff,23,cm,52.0
3,91,4,SHARMAN.,11,st,51.0
4,526,5,J.1,33,sw,50.0
5,68,6,Arkano,12,cf,49.0
6,455,7,Tiss,23,cm,49.0
7,73,8,bebz,11,st,48.0
8,95,9,EvilCM,23,cm,48.0
9,865,10,EterogeN,31,sb,48.0
10,67,11,Borsalino,31,sb,47.0
11,143,12,RandomHero,13,wf,47.0
12,86,13,Upamecano,32,cb,46.0
13,696,14,Levski1914,21,am,46.0
14,642,15,cliclic,33,sw,45.0
15,115,16,ikionyedi,23,cm,44.0
16,534,17,Abiego,23,cm,42.0
17,57,18,GoTackle,33,sw,42.0
18,320,19,UniQ,11,st,42.0
19,457,20,Wladi_Kai,13,wf,42.0
20,33,21,TrombRaider,23,cm,41.0
21,129,22,EzotericK,32,cb,41.0
22,151,23,RedCF,12,cf,41.0
23,999,24,She,11,st,41.0
24,54,25,holly,32,cb,40.0
25,60,26,JIeks,32,cb,40.0
26,69,27,Gnabry,13,wf,40.0
27,83,28,RedAM,21,am,40.0
28,25,29,KILLER_10,11,st,38.0
29,296,30,anox,24,dm,38.0
30,580,31,Smart,23,cm,38.0
31,77,32,BoReX,13,wf,38.0
32,488,33,Eagle,32,cb,38.0
33,255,34,Intrinsec,21,am,38.0
34,123,35,Sugar.,24,dm,37.0
35,379,36,Porn,24,dm,37.0
36,928,37,1312LeVsk1,32,cb,37.0
37,426,38,Cacadu_,23,cm,37.0
38,17,39,Reka,11,st,36.0
39,795,40,Suri,32,cb,36.0
40,32,41,Dopa,23,cm,36.0
41,36,42,Uga_Buga,13,wf,36.0
42,848,43,Charles_A,22,sm,36.0
43,81,44,MrJ,21,am,36.0
44,348,45,Toretto,13,wf,36.0
45,125,46,OceanEyes,22,sm,36.0
46,135,47,Worst_CB_Ever,32,cb,36.0
47,1431,48,Skywalker,33,sw,36.0
48,1205,49,Foxy,24,dm,36.0
49,244,50,voteFORME,33,sw,36.0
50,52,51,Lewandowski,13,wf,35.0
51,572,52,jamal,12,cf,35.0
52,335,53,buba,33,sw,35.0
53,377,54,búúú,33,sw,35.0
54,126,55,YakutyaN,13,wf,35.0
55,392,56,RedSW,33,sw,35.0
56,157,57,Coca,23,cm,35.0
57,161,58,TRESA,31,sb,35.0
58,1252,59,More,33,sw,35.0
59,241,60,PatientZero,23,cm,35.0
60,1080,61,Melissa,11,st,34.0
61,450,62,PantheR,12,cf,34.0
62,198,63,Arabian_Boy,13,wf,34.0
63,276,64,Morgan,13,wf,33.0
64,307,65,Dlh,24,dm,33.0
65,64,66,Anonymous,31,sb,33.0
66,72,67,Nigga,33,sw,33.0
67,82,68,Quas,13,wf,33.0
68,344,69,Compare,32,cb,33.0
69,1377,70,Hera,24,dm,33.0
70,1143,71,Zeo,24,dm,33.0
71,912,72,Vandik,32,cb,33.0
72,1173,73,Fritz,32,cb,33.0
73,1450,74,JackieChumba,31,sb,33.0
74,460,75,Anne,33,sw,33.0
75,211,76,Lily,12,cf,33.0
76,283,77,Marshmello,33,sw,32.0
77,286,78,Son,23,cm,32.0
78,51,79,Dim0n777,12,cf,32.0
79,53,80,LordSnow,32,cb,32.0
80,1333,81,JackieChamba,22,sm,32.0
81,84,82,xWulgax,12,cf,32.0
82,1365,83,JackieChanba,23,cm,32.0
83,94,84,BBC,21,am,32.0
84,1127,85,Xyenzii,33,sw,32.0
85,124,86,Sugar,33,sw,32.0
86,678,87,Moonrock,21,am,32.0
87,185,88,ivoi,12,cf,32.0
88,192,89,Mad_Dog,33,sw,32.0
89,221,90,Aventus,22,sm,32.0
90,229,91,BL4CK,21,am,32.0
91,525,92,KITUSE,23,cm,31.0
92,784,93,wilkpo,23,cm,31.0
93,277,94,Done,32,cb,31.0
94,22,95,thePRINCE,12,cf,31.0
95,29,96,Sayuki,11,st,31.0
96,1314,97,Schweppsi,21,am,31.0
97,37,98,Thiagod,23,cm,31.0
98,551,99,Shadyyy_GT,23,cm,31.0
99,1083,100,cozy,24,dm,31.0
100,1088,101,GrayVibes,22,sm,31.0
101,1090,102,VQdriftin,13,wf,31.0
102,75,103,LXST,13,wf,31.0
103,336,104,Csõtészta,12,cf,31.0
104,1367,105,Sridn,12,cf,31.0
105,89,106,Joao_Felix,22,sm,31.0
106,345,107,Tomi,23,cm,31.0
107,352,108,bafit96,31,sb,31.0
108,353,109,Z3R0,24,dm,31.0
109,108,110,Tissy,12,cf,31.0
110,117,111,Shinno,12,cf,31.0
111,885,112,Storm,11,st,31.0
112,119,113,LoVe,32,cb,31.0
113,144,114,AriaStark,12,cf,31.0
114,148,115,TheWall,32,cb,31.0
115,408,116,Seraphima,23,cm,31.0
116,1176,117,Ace,11,st,31.0
117,155,118,Mivako,21,am,31.0
118,669,119,AnneAM,21,am,31.0
119,425,120,_2BLACK4U_,33,sw,31.0
120,947,121,.SHARMAN.,12,cf,31.0
121,1466,122,LAG,32,cb,31.0
122,199,123,King,12,cf,31.0
123,1228,124,Popeyes,13,wf,31.0
124,216,125,Psiarski,33,sw,31.0
125,217,126,Drosophila,23,cm,31.0
126,218,127,micro_ice,21,am,31.0
127,986,128,Llorente,23,cm,31.0
128,477,129,an0x.,11,st,31.0
129,224,130,HoneyBadger,13,wf,31.0
130,1009,131,Ramos,33,sw,31.0
131,253,132,Panda,33,sw,31.0
132,20,133,Kikyo,24,dm,30.0
133,302,134,rodengotov,13,wf,30.0
134,61,135,Flying,11,st,30.0
135,1347,136,L.Suarez,13,wf,30.0
136,85,137,Mistery,12,cf,30.0
137,1136,138,PassMe,12,cf,30.0
138,383,139,Gaz,32,cb,30.0
139,1172,140,Zane,11,st,30.0
140,476,141,Abhinay,31,sb,30.0
141,103,142,Faber,12,cf,29.0
142,384,143,Skipper,13,wf,29.0
143,268,144,Klose,12,cf,28.0
144,300,145,Balu,11,st,28.0
145,1597,146,uwu,32,cb,28.0
146,78,147,Kyuura10,23,cm,28.0
147,110,148,Troy,13,wf,28.0
148,404,149,Lionn,12,cf,28.0
149,225,150,kshe_cb,32,cb,28.0
150,496,151,Rapha,33,sw,28.0
151,258,152,Qukel,32,cb,27.0
152,537,153,Putin,23,cm,27.0
153,318,154,Gold,24,dm,27.0
154,149,155,Hegcrjs,12,cf,27.0
155,6,156,Davy,23,cm,26.0
156,1570,157,Abp,12,cf,26.0
157,1630,158,keVa,33,sw,26.0
158,228,159,NardiLegend,12,cf,26.0
159,1082,160,Vasco,12,cf,25.0
160,1345,161,GanyanBayi,12,cf,25.0
161,923,162,SweetDF,32,cb,25.0
162,227,163,Alexi,21,am,25.0
163,30,164,Sayu,32,cb,24.0
164,31,165,Player,12,cf,24.0
165,818,166,Tush,11,st,24.0
166,62,167,KlLLER_10,11,st,24.0
167,843,168,Drax,33,sw,24.0
168,96,169,Bossdog,33,sw,24.0
169,1389,170,Karin,24,dm,24.0
170,395,171,jagon,21,am,24.0
171,399,172,Cacadu,12,cf,24.0
172,432,173,Magnus,24,dm,24.0
173,177,174,Sukuna,23,cm,24.0
174,957,175,Covid_19,22,sm,24.0
175,744,176,forward,32,cb,24.0
176,323,177,JOY,31,sb,23.0
177,1370,178,SerPushOk,12,cf,23.0
178,127,179,FireFlair,22,sm,23.0
179,442,180,Cufcuf,12,cf,23.0
180,197,181,Caipi,24,dm,23.0
181,210,182,Red,32,cb,23.0
182,989,183,Sassy,11,st,23.0
183,995,184,ThaSW,33,sw,23.0
184,507,185,TSMChooprina,12,cf,23.0
185,533,186,Flash,13,wf,22.0
186,1095,187,Xyenzi,23,cm,22.0
187,98,188,Naruto,13,wf,22.0
188,156,189,Sansa,23,cm,22.0
189,172,190,SayMyName,12,cf,22.0
190,478,191,XeN,13,wf,22.0
191,1505,192,Tsubq,13,wf,22.0
192,233,193,Lemongreen,24,dm,22.0
193,505,194,Chooprina,22,sm,22.0
194,506,195,Rekt,12,cf,22.0
195,104,196,MILF,32,cb,21.0
196,112,197,Gomes,24,dm,21.0
197,369,198,PlayerTest,13,wf,21.0
198,374,199,MrDefender,32,cb,21.0
199,1207,200,Alexanderpato,12,cf,21.0
200,959,201,DRAGONPUCAR,33,sw,21.0
201,193,202,SetoKaiba,13,wf,21.0
202,739,203,LemonK7ss,12,cf,21.0
203,232,204,fwshot,11,st,21.0
204,1000,205,Louati,12,cf,21.0
205,495,206,Bixby,33,sw,21.0
206,790,207,DePaul,21,am,20.0
207,1075,208,cozy0ne,21,am,20.0
208,56,209,matt,12,cf,20.0
209,1111,210,Fimba,22,sm,20.0
210,346,211,Tészta,22,sm,20.0
211,649,212,_Cacadu_,32,cb,20.0
212,418,213,R3L0,22,sm,20.0
213,1192,214,iamcorny,22,sm,20.0
214,542,215,Since,13,wf,19.0
215,74,216,Joker,23,cm,19.0
216,332,217,Titan,23,cm,19.0
217,337,218,bafit,24,dm,19.0
218,347,219,RedDM,24,dm,19.0
219,406,220,planestranger,11,st,19.0
220,243,221,CutieHead,11,st,19.0
221,1296,222,JoaoMaravilha,13,wf,18.0
222,1297,223,lotto,10,fw,18.0
223,547,224,Maksim,21,am,18.0
224,66,225,Avie,21,am,18.0
225,133,226,WeX,12,cf,18.0
226,1433,227,Wroska,10,fw,18.0
227,165,228,GoodGuyGarry,33,sw,18.0
228,166,229,JunkyNine,23,cm,18.0
229,938,230,kvmil,20,mf,18.0
230,1259,231,braya,12,cf,18.0
231,251,232,4Fun,23,cm,18.0
232,261,233,insuperable,30,df,17.0
233,1056,234,2PAC,10,fw,17.0
234,545,235,Zyzz,20,mf,17.0
235,811,236,FifiJetski,10,fw,17.0
236,331,237,Kapi,20,mf,17.0
237,445,238,Frakir,30,df,17.0
238,195,239,MATURE,10,fw,17.0
239,472,240,ElcoST,10,fw,17.0
240,479,241,Syke,20,mf,17.0
241,480,242,Mosku,20,mf,17.0
242,484,243,Doshy,30,df,17.0
243,128,244,Tess,20,mf,16.0
244,153,245,Flicker,20,mf,16.0
245,1304,246,enej0ta,20,mf,15.0
246,1586,247,jagne,10,fw,15.0
247,1366,248,Horsejacker,20,mf,15.0
248,887,249,Nevs,20,mf,15.0
249,140,250,Elvana,30,df,15.0
250,654,251,Tana,10,fw,15.0
251,1434,252,Wodrex,20,mf,15.0
252,1435,253,WEXY,10,fw,15.0
253,926,254,Gabry,10,fw,15.0
254,222,255,Zero,20,mf,15.0
255,494,256,Gomen,20,mf,15.0
256,1522,257,Kitsune,30,df,15.0
257,271,258,Mid,20,mf,14.0
258,1054,259,TripleX87,10,fw,14.0
259,40,260,E.ÇÅMÅVÍNGÅ,20,mf,14.0
260,825,261,fran3kv2,10,fw,14.0
261,321,262,AfterLearner,10,fw,14.0
262,591,263,PIKADURA,10,fw,14.0
263,90,264,Boris,20,mf,14.0
264,1629,265,ragnar,10,fw,14.0
265,150,266,Ricardo,10,fw,14.0
266,171,267,121312,10,fw,14.0
267,174,268,JorgitoElmago,20,mf,14.0
268,689,269,Kev,10,fw,14.0
269,202,270,J1.,30,df,14.0
270,971,271,Swat,30,df,14.0
271,779,272,The,20,mf,13.0
272,1295,273,Jacare,10,fw,13.0
273,41,274,A.ÐÅVÏËS,30,df,13.0
274,809,275,gruby,10,fw,13.0
275,558,276,Deno,10,fw,13.0
276,589,277,SERRISETE7,10,fw,13.0
277,602,278,ravsgol,10,fw,13.0
278,1628,279,Max,10,fw,13.0
279,105,280,Friedenreich,10,fw,13.0
280,378,281,HoAd,30,df,13.0
281,661,282,PETESAND,10,fw,13.0
282,1436,283,3131,10,fw,13.0
283,176,284,DavidSem10,20,mf,13.0
284,954,285,quickMouse,20,mf,13.0
285,699,286,RaraVez,20,mf,13.0
286,200,287,TheEagle,30,df,13.0
287,741,288,Dudu,10,fw,13.0
288,1260,289,N3grola,10,fw,13.0
289,750,290,Brit,10,fw,13.0
290,768,291,CarlinhosBrown,10,fw,12.0
291,813,292,kondzikjetski,10,fw,12.0
292,817,293,fr3j,10,fw,12.0
293,58,294,Sugbr,30,df,12.0
294,597,295,robyzera,20,mf,12.0
295,599,296,dopigas,10,fw,12.0
296,100,297,AvlarD,20,mf,12.0
297,1641,298,Endureen,20,mf,12.0
298,1134,299,zoro,20,mf,12.0
299,1393,300,Daltrin,10,fw,12.0
300,1139,301,ArmaYarma,10,fw,12.0
301,393,302,Tésztóz,10,fw,12.0
302,1161,303,Villemporas,10,fw,12.0
303,138,304,Dakotah,20,mf,12.0
304,141,305,rewaH,10,fw,12.0
305,655,306,Nodac,20,mf,12.0
306,668,307,tarsen,10,fw,12.0
307,1444,308,Recep,10,fw,12.0
308,935,309,Anivia,30,df,12.0
309,220,310,Ribamar77,10,fw,12.0
310,1258,311,manuel_cleiton,10,fw,12.0
311,785,312,Sami,10,fw,11.0
312,1567,313,mesi,10,fw,11.0
313,1584,314,Svarog,20,mf,11.0
314,310,315,xexexe,20,mf,11.0
315,604,316,Trongaibr,30,df,11.0
316,615,317,Jvictinho00,20,mf,11.0
317,624,318,tawe,10,fw,11.0
318,394,319,Baf1t,30,df,11.0
319,921,320,kickmee,10,fw,11.0
320,1454,321,FREDMERCURY,20,mf,11.0
321,1200,322,Zuicka,20,mf,11.0
322,948,323,Mangaba,30,df,11.0
323,961,324,Guif,10,fw,11.0
324,201,325,Keiko,20,mf,11.0
325,1494,326,Moonjagart,30,df,11.0
326,239,327,Apti,30,df,11.0
327,252,328,Guile,10,fw,11.0
328,1538,329,Yunus21,10,fw,10.0
329,776,330,hAYn,10,fw,10.0
330,535,331,S.Campbell,30,df,10.0
331,791,332,Rodrigo,20,mf,10.0
332,284,333,Koulibaly,30,df,10.0
333,1053,334,Ashlin,20,mf,10.0
334,295,335,Luckybest,10,fw,10.0
335,594,336,KROSS,20,mf,10.0
336,601,337,Adaltão,20,mf,10.0
337,603,338,fazgolplmds,10,fw,10.0
338,1135,339,Pancakes,20,mf,10.0
339,886,340,Col,10,fw,10.0
340,1429,341,LiToX,20,mf,10.0
341,920,342,mustafabalci31,10,fw,10.0
342,173,343,Busquet,20,mf,10.0
343,1202,344,pedro_kkj,10,fw,10.0
344,1221,345,Toglogch1,20,mf,10.0
345,1225,346,architect,20,mf,10.0
346,473,347,Otter,10,fw,10.0
347,729,348,Iggy.,20,mf,10.0
348,1511,349,dannnnz,10,fw,10.0
349,489,350,DixieNormous,10,fw,10.0
350,511,351,Crthang10,10,fw,10.0
351,1550,352,Jorginho,20,mf,9.0
352,313,353,james,10,fw,9.0
353,614,354,Miguel,10,fw,9.0
354,619,355,cebollita,10,fw,9.0
355,111,356,AgenteSecreto,10,fw,9.0
356,925,357,syrob,20,mf,9.0
357,1438,358,giovmer,10,fw,9.0
358,415,359,ElRuso,10,fw,9.0
359,175,360,NardolaLegend,10,fw,9.0
360,949,361,Host,30,df,9.0
361,449,362,Xelizor,10,fw,9.0
362,1282,363,trollzore69,10,fw,8.0
363,1539,364,SPlNJlRO,10,fw,8.0
364,1549,365,makakiño,20,mf,8.0
365,279,366,Silence,20,mf,8.0
366,1308,367,arrascaeta,10,fw,8.0
367,1568,368,eltoreriko777,20,mf,8.0
368,1321,369,Floow,20,mf,8.0
369,1326,370,AntTest,10,fw,8.0
370,561,371,Lukaku,10,fw,8.0
371,562,372,plsssssss,30,df,8.0
372,308,373,saiken,10,fw,8.0
373,830,374,OverRoll,10,fw,8.0
374,333,375,JoseQuintas,10,fw,8.0
375,1359,376,maedofeli,20,mf,8.0
376,1618,377,Ribamar,10,fw,8.0
377,1622,378,humita,30,df,8.0
378,92,379,Marta,20,mf,8.0
379,605,380,bielcruel,10,fw,8.0
380,1385,381,Darkode,10,fw,8.0
381,629,382,CR7IsHome,20,mf,8.0
382,1426,383,Kranzel,10,fw,8.0
383,403,384,Backflipper,20,mf,8.0
384,915,385,Rafinha,10,fw,8.0
385,1437,386,Palettone,30,df,8.0
386,158,387,CR7,10,fw,8.0
387,159,388,Dynamic,30,df,8.0
388,168,389,kzino,30,df,8.0
389,700,390,Xeloshi,20,mf,8.0
390,189,391,kzino1,10,fw,8.0
391,962,392,serrrsa,10,fw,8.0
392,964,393,DANTE,10,fw,8.0
393,1227,394,GnabryCM,20,mf,8.0
394,238,395,Enemy,10,fw,8.0
395,242,396,SandorClegane,30,df,8.0
396,500,397,Kova,20,mf,8.0
397,513,398,Jose,10,fw,7.0
398,1542,399,stealler,20,mf,7.0
399,1043,400,GAMARRA,30,df,7.0
400,1313,401,ZyNex,10,fw,7.0
401,46,402,Impulsive000,20,mf,7.0
402,814,403,fran3k,10,fw,7.0
403,559,404,Nanii,20,mf,7.0
404,315,405,keat,10,fw,7.0
405,1355,406,Cz4rk0x,20,mf,7.0
406,598,407,Fantasia,20,mf,7.0
407,1623,408,Shagg0,20,mf,7.0
408,99,409,MathTorres,10,fw,7.0
409,1640,410,Endurecz,30,df,7.0
410,362,411,kickchickeen,10,fw,7.0
411,1391,412,Snaiper,20,mf,7.0
412,1146,413,vuurma,10,fw,7.0
413,132,414,PoweradE,10,fw,7.0
414,660,415,Romañoqui,10,fw,7.0
415,932,416,Riberin,10,fw,7.0
416,1194,417,C00n,10,fw,7.0
417,1195,418,Bill,10,fw,7.0
418,1453,419,ENDRICK,10,fw,7.0
419,454,420,iamdes3,30,df,7.0
420,987,421,suy,10,fw,7.0
421,740,422,rg123,30,df,7.0
422,1261,423,pretox,10,fw,7.0
423,1529,424,Marpzeraa,20,mf,7.0
424,512,425,madRussian,20,mf,6.0
425,769,426,polonscopia,30,df,6.0
426,260,427,5511,10,fw,6.0
427,1286,428,Asa,10,fw,6.0
428,1545,429,Darinci,20,mf,6.0
429,1546,430,zenci,10,fw,6.0
430,1294,431,Amongus2,10,fw,6.0
431,527,432,COMPU,10,fw,6.0
432,539,433,NastyBastd,20,mf,6.0
433,1312,434,Emenike,10,fw,6.0
434,290,435,Parrudo,20,mf,6.0
435,1320,436,ISABELPRINCESA,10,fw,6.0
436,1327,437,dsa,10,fw,6.0
437,1591,438,Ronalpee,10,fw,6.0
438,827,439,Cocaine,30,df,6.0
439,839,440,xDD,30,df,6.0
440,1607,441,Diagne,20,mf,6.0
441,587,442,Pocapika,10,fw,6.0
442,1634,443,pro,10,fw,6.0
443,612,444,PCR7,30,df,6.0
444,1382,445,Kerentel,10,fw,6.0
445,1383,446,Carla,30,df,6.0
446,1132,447,Loopy,10,fw,6.0
447,109,448,Ciques,10,fw,6.0
448,882,449,Roffablood,20,mf,6.0
449,627,450,OreusBaby,10,fw,6.0
450,628,451,boris3123,10,fw,6.0
451,373,452,DiscoBear,30,df,6.0
452,1142,453,BeratGüner,10,fw,6.0
453,1427,454,namestra,20,mf,6.0
454,164,455,Zeffnov,20,mf,6.0
455,1449,456,vini,10,fw,6.0
456,1196,457,DIegoMau,30,df,6.0
457,1198,458,mahymzinha,20,mf,6.0
458,1455,459,Beigola,10,fw,6.0
459,184,460,Tackling,30,df,6.0
460,444,461,Paskassinho,10,fw,6.0
461,1241,462,romarinho,10,fw,6.0
462,1506,463,SkyzinDuDibre,10,fw,6.0
463,1514,464,Korpok,20,mf,6.0
464,492,465,KEKLEO,10,fw,6.0
465,748,466,Ryan,10,fw,6.0
466,497,467,Raphaa,10,fw,6.0
467,515,468,Mendjis,10,fw,5.0
468,1289,469,bongo,30,df,5.0
469,1290,470,2Swiss4,10,fw,5.0
470,1292,471,Hombre,10,fw,5.0
471,1303,472,ALEXMURALHA,30,df,5.0
472,282,473,Spaceman,10,fw,5.0
473,1564,474,Litulagrande,20,mf,5.0
474,808,475,ParkBoom,30,df,5.0
475,1074,476,luvomber,10,fw,5.0
476,1588,477,Cortes,30,df,5.0
477,1589,478,Giovanni,20,mf,5.0
478,1590,479,PEEm,30,df,5.0
479,829,480,Semilha,10,fw,5.0
480,1098,481,Envy,20,mf,5.0
481,1612,482,gonzalo666,30,df,5.0
482,1613,483,Bastianangel,10,fw,5.0
483,1360,484,kin2325,10,fw,5.0
484,1617,485,GiuseppeCamole,10,fw,5.0
485,88,486,Kyuura09,10,fw,5.0
486,350,487,SadieMane,10,fw,5.0
487,351,488,FlashM,20,mf,5.0
488,1631,489,Burak,10,fw,5.0
489,613,490,Wilton,10,fw,5.0
490,616,491,robson,30,df,5.0
491,1138,492,Mo10,20,mf,5.0
492,633,493,BRuh,10,fw,5.0
493,1145,494,ceryan,10,fw,5.0
494,1402,495,ýýýý,20,mf,5.0
495,1406,496,Deppo,10,fw,5.0
496,646,497,sanya,10,fw,5.0
497,1165,498,Adam,10,fw,5.0
498,1440,499,HAKUNAMATATA,10,fw,5.0
499,1187,500,Relaxeli05,10,fw,5.0
500,1188,501,Neto,30,df,5.0
501,688,502,sherry,10,fw,5.0
502,690,503,vera,10,fw,5.0
503,190,504,Puinampig,30,df,5.0
504,462,505,Ocopila,20,mf,5.0
505,1236,506,Mentz,20,mf,5.0
506,730,507,werrty,10,fw,5.0
507,992,508,Mihalich,20,mf,5.0
508,1515,509,chaosCauser,10,fw,5.0
509,493,510,TOPKEK,30,df,5.0
510,245,511,yourmum,10,fw,5.0
511,1527,512,menor7belo,10,fw,5.0
512,1020,513,Samuray,10,fw,5.0
513,1281,514,Stivens19,20,mf,4.0
514,1027,515,Murasakibara,20,mf,4.0
515,1284,516,PAPU,20,mf,4.0
516,517,517,saliano,10,fw,4.0
517,7,518,Samuel,30,df,4.0
518,1033,519,deregue,10,fw,4.0
519,1291,520,Emrezo,30,df,4.0
520,269,521,PsychoTheRapis,20,mf,4.0
521,1293,522,BonRivera,10,fw,4.0
522,272,523,Atom,10,fw,4.0
523,532,524,SANTOBIASATTI,20,mf,4.0
524,1049,525,koussay,10,fw,4.0
525,538,526,Stronk,30,df,4.0
526,1563,527,nicolasjer,10,fw,4.0
527,798,528,mema22,10,fw,4.0
528,549,529,Manu,10,fw,4.0
529,1066,530,Ndiali,20,mf,4.0
530,314,531,jmez,20,mf,4.0
531,316,532,Jack,10,fw,4.0
532,828,533,TiaguinhoRocha,30,df,4.0
533,588,534,SERRISETE,20,mf,4.0
534,600,535,neyraina,20,mf,4.0
535,1379,536,kiiiol,10,fw,4.0
536,113,537,FIRE.STARTER,30,df,4.0
537,116,538,ikionsekiz,30,df,4.0
538,639,539,elik,30,df,4.0
539,901,540,Pimpito,30,df,4.0
540,134,541,LeeEun,30,df,4.0
541,908,542,Naze,10,fw,4.0
542,1169,543,Gameriuksazz,10,fw,4.0
543,916,544,Fiza,20,mf,4.0
544,154,545,HHH,10,fw,4.0
545,940,546,Niga,10,fw,4.0
546,1199,547,Pretin,10,fw,4.0
547,183,548,BlackEnd,10,fw,4.0
548,186,549,itazura,30,df,4.0
549,446,550,Yaremchuco,10,fw,4.0
550,204,551,sadfdgdfg,10,fw,4.0
551,1242,552,ARLANBICABICA,30,df,4.0
552,993,553,Siskipiski,10,fw,4.0
553,1507,554,TIKO,20,mf,4.0
554,753,555,Rui_Costa,20,mf,4.0
555,501,556,miguelcabuloso,10,fw,4.0
556,502,557,Hisokria,10,fw,4.0
557,504,558,campi,10,fw,4.0
558,514,559,BR4ND,10,fw,3.0
559,1028,560,milfhunter,20,mf,3.0
560,1031,561,CosCos,10,fw,3.0
561,8,562,Leon,10,fw,3.0
562,14,563,E.Camavinga,20,mf,3.0
563,275,564,policeman,20,mf,3.0
564,531,565,Gonzalinho,10,fw,3.0
565,792,566,Alex,20,mf,3.0
566,1048,567,KARIM,10,fw,3.0
567,797,568,pelela16,10,fw,3.0
568,807,569,munaldo,10,fw,3.0
569,303,570,cherta,30,df,3.0
570,312,571,ThiagoMv,10,fw,3.0
571,837,572,Szogunisko,30,df,3.0
572,1378,573,Noblemen,30,df,3.0
573,868,574,Luluca,30,df,3.0
574,107,575,Inserth,10,fw,3.0
575,889,576,rla6t,20,mf,3.0
576,1155,577,Gasty,10,fw,3.0
577,139,578,Aviesa,20,mf,3.0
578,665,579,mata,20,mf,3.0
579,666,580,Sebi,20,mf,3.0
580,1439,581,Giovanni20,10,fw,3.0
581,939,582,XDDDDDD,20,mf,3.0
582,1203,583,davidcrom20,20,mf,3.0
583,697,584,Xerickgamer,20,mf,3.0
584,701,585,AAASASA,10,fw,3.0
585,958,586,Robinson,10,fw,3.0
586,191,587,JasonT9,10,fw,3.0
587,708,588,Andy,10,fw,3.0
588,966,589,Lukakuka,30,df,3.0
589,716,590,SeGanGamer,10,fw,3.0
590,461,591,duartemamba,10,fw,3.0
591,718,592,aymenJOn,10,fw,3.0
592,208,593,Genius,10,fw,3.0
593,209,594,Noshame,10,fw,3.0
594,1237,595,Galileu,20,mf,3.0
595,491,596,KEKW,10,fw,3.0
596,499,597,PepGuardiola,10,fw,3.0
597,246,598,gustagol,20,mf,3.0
598,764,599,aras,10,fw,3.0
599,509,600,Linda,10,fw,3.0
600,765,601,smugie,30,df,3.0
601,5,602,Dervet,20,mf,2.0
602,267,603,bob,30,df,2.0
603,524,604,glhf]Maga[777,10,fw,2.0
604,1052,605,ray,10,fw,2.0
605,1058,606,Negan,10,fw,2.0
606,579,607,RedCB,30,df,2.0
607,324,608,DINAMO,20,mf,2.0
608,325,609,ZOBNIN,30,df,2.0
609,70,610,SimonHill,10,fw,2.0
610,838,611,Ni66er69,20,mf,2.0
611,840,612,Mocsudajo,20,mf,2.0
612,841,613,cipa,10,fw,2.0
613,842,614,Matoxik,10,fw,2.0
614,79,615,CFRed,20,mf,2.0
615,97,616,Fargo,30,df,2.0
616,357,617,VuuEXx,30,df,2.0
617,869,618,lerdaooooo,10,fw,2.0
618,102,619,Branco,30,df,2.0
619,358,620,Dizzy,30,df,2.0
620,359,621,KickChicken,20,mf,2.0
621,618,622,fiumba,10,fw,2.0
622,363,623,JAIRZINHO,10,fw,2.0
623,644,624,MaxNormal,10,fw,2.0
624,417,625,anibaldosavari,20,mf,2.0
625,933,626,garotojoao,10,fw,2.0
626,169,627,zFut,20,mf,2.0
627,430,628,Rodri,20,mf,2.0
628,431,629,Theeeo,10,fw,2.0
629,434,630,Adeildo,20,mf,2.0
630,717,631,freeangel,20,mf,2.0
631,471,632,aaas,30,df,2.0
632,733,633,s2mebin,10,fw,2.0
633,738,634,foden,20,mf,2.0
634,234,635,J.Lingard,20,mf,2.0
635,498,636,JoaquinDerBeti,10,fw,2.0
636,503,637,nico,10,fw,2.0
637,256,638,TheBullseye,10,fw,1.0
638,1024,639,Mesy,10,fw,1.0
639,1280,640,NeeLiu,20,mf,1.0
640,1536,641,Olivier_Atton,10,fw,1.0
641,257,642,Tekzevkim31,10,fw,1.0
642,1025,643,kji,10,fw,1.0
643,1537,644,Yunus,10,fw,1.0
644,770,645,ghinty,10,fw,1.0
645,1026,646,Batuhan,20,mf,1.0
646,259,647,gfhgf,10,fw,1.0
647,771,648,Tyler,10,fw,1.0
648,1283,649,Assa,10,fw,1.0
649,4,650,Admin,10,fw,1.0
650,516,651,BR4NDDV,20,mf,1.0
651,772,652,KraToS_,10,fw,1.0
652,1540,653,MalCAN,30,df,1.0
653,773,654,MasterJohn,10,fw,1.0
654,1029,655,Scarlatina,10,fw,1.0
655,1285,656,MOMIA,20,mf,1.0
656,1541,657,futbolcu,20,mf,1.0
657,262,658,GuTy,20,mf,1.0
658,518,659,Eymen,10,fw,1.0
659,774,660,Kobayashi,10,fw,1.0
660,1030,661,Juninho,30,df,1.0
661,263,662,ShingoAoi,10,fw,1.0
662,519,663,Canss,10,fw,1.0
663,775,664,nuneix,10,fw,1.0
664,1287,665,Aomine,10,fw,1.0
665,1543,666,fanfaron16,10,fw,1.0
666,264,667,Fasel,20,mf,1.0
667,520,668,BRANDTV,30,df,1.0
668,1032,669,Zecão,10,fw,1.0
669,1288,670,VNS,20,mf,1.0
670,1544,671,johnathan,20,mf,1.0
671,9,672,DavyGreen,30,df,1.0
672,265,673,Lulu,20,mf,1.0
673,521,674,Matuts,10,fw,1.0
674,777,675,BulkinDimka,10,fw,1.0
675,10,676,Legoshi,20,mf,1.0
676,266,677,LastBoo,10,fw,1.0
677,522,678,Cans,10,fw,1.0
678,778,679,STone,10,fw,1.0
679,1034,680,sognare,20,mf,1.0
680,11,681,Haru,20,mf,1.0
681,523,682,MNDEZ,10,fw,1.0
682,1035,683,zenvio,10,fw,1.0
683,1547,684,simone,10,fw,1.0
684,12,685,Gohin,20,mf,1.0
685,780,686,kuraften,10,fw,1.0
686,1036,687,hussien,10,fw,1.0
687,1548,688,bavhav_1,20,mf,1.0
688,13,689,FERANDOS,10,fw,1.0
689,781,690,Yust,30,df,1.0
690,1037,691,ini_anu,10,fw,1.0
691,270,692,crovii,30,df,1.0
692,782,693,TomiQuak,10,fw,1.0
693,1038,694,Zblexxinho,20,mf,1.0
694,15,695,Kadir,20,mf,1.0
695,783,696,E.king,20,mf,1.0
696,1039,697,Virgileis,10,fw,1.0
697,1551,698,makako,10,fw,1.0
698,16,699,dfhd,10,fw,1.0
699,528,700,Gemeiu,20,mf,1.0
700,1040,701,Hussienk,10,fw,1.0
701,1552,702,Gavi,20,mf,1.0
702,273,703,Endure,20,mf,1.0
703,529,704,Tetsu,10,fw,1.0
704,1041,705,HUSSIENH,10,fw,1.0
705,1553,706,Pedri,20,mf,1.0
706,18,707,Ruby,20,mf,1.0
707,274,708,CarecaFake,10,fw,1.0
708,530,709,Legends,10,fw,1.0
709,786,710,Yucesoy,20,mf,1.0
710,1042,711,Kish,20,mf,1.0
711,1298,712,lottopp,10,fw,1.0
712,1554,713,Ongombo,10,fw,1.0
713,19,714,Yang,20,mf,1.0
714,787,715,kingboy,10,fw,1.0
715,1299,716,GodOfKicks,10,fw,1.0
716,1555,717,reymemaso,30,df,1.0
717,788,718,MeffistoBR,20,mf,1.0
718,1044,719,aha,20,mf,1.0
719,1300,720,boostedthiagao,20,mf,1.0
720,1556,721,Yisus,10,fw,1.0
721,21,722,FlashKa,10,fw,1.0
722,789,723,bemack,10,fw,1.0
723,1045,724,Falgan,20,mf,1.0
724,1301,725,lenin,20,mf,1.0
725,1557,726,Pastelito,10,fw,1.0
726,278,727,DiogoMarafona,10,fw,1.0
727,1046,728,Dexx,10,fw,1.0
728,1302,729,Vithalin,30,df,1.0
729,1558,730,Performance,10,fw,1.0
730,1047,731,US.ABOLFAZL,10,fw,1.0
731,1559,732,Caro,20,mf,1.0
732,24,733,Mebi,20,mf,1.0
733,280,734,Kriyus,10,fw,1.0
734,536,735,Beckn,30,df,1.0
735,1560,736,Fireplayer,10,fw,1.0
736,281,737,dsadas,10,fw,1.0
737,793,738,EMAUNO,20,mf,1.0
738,1305,739,Baratoviks,10,fw,1.0
739,1561,740,tonhera,10,fw,1.0
740,26,741,Magenta,30,df,1.0
741,794,742,JanGigel,10,fw,1.0
742,1050,743,USABOLFAZL,10,fw,1.0
743,1306,744,cebola,30,df,1.0
744,1562,745,miguelso18,20,mf,1.0
745,27,746,sesof,10,fw,1.0
746,1051,747,koussay12,10,fw,1.0
747,1307,748,Fred09,10,fw,1.0
748,28,749,SHARMAN,10,fw,1.0
749,540,750,vitrox,30,df,1.0
750,796,751,thanhbojz,20,mf,1.0
751,285,752,mond,10,fw,1.0
752,541,753,vitor,20,mf,1.0
753,1309,754,ronaldhino,10,fw,1.0
754,1565,755,Frost,20,mf,1.0
755,1310,756,sasas,10,fw,1.0
756,1566,757,NOHATE,20,mf,1.0
757,287,758,Sanns,10,fw,1.0
758,543,759,ncsopia,30,df,1.0
759,799,760,CRA1G,30,df,1.0
760,1055,761,CNM,10,fw,1.0
761,1311,762,ollay0,10,fw,1.0
762,288,763,RubiE,10,fw,1.0
763,544,764,ncmapia,30,df,1.0
764,800,765,Zako,20,mf,1.0
765,289,766,Batshuayi,10,fw,1.0
766,801,767,Mane,20,mf,1.0
767,1057,768,Yusbran,10,fw,1.0
768,1569,769,Yunuss,10,fw,1.0
769,34,770,DearDavid,30,df,1.0
770,546,771,BebasMinecraft,30,df,1.0
771,802,772,zzken826,10,fw,1.0
772,35,773,F3D3R,10,fw,1.0
773,291,774,Jatthan,20,mf,1.0
774,803,775,anthony,20,mf,1.0
775,1059,776,excalibur,10,fw,1.0
776,1315,777,sucre,20,mf,1.0
777,1571,778,cuguli,10,fw,1.0
778,292,779,true,30,df,1.0
779,548,780,Eskama,10,fw,1.0
780,804,781,Gliku,20,mf,1.0
781,1060,782,wosd,10,fw,1.0
782,1316,783,Yoshi,10,fw,1.0
783,1572,784,Boli,10,fw,1.0
784,293,785,Red7845,20,mf,1.0
785,805,786,Maxentius,30,df,1.0
786,1061,787,Fabsksseb,10,fw,1.0
787,1317,788,Davi,10,fw,1.0
788,1573,789,Arti,10,fw,1.0
789,38,790,Nani,20,mf,1.0
790,294,791,Grosseyeuk,10,fw,1.0
791,550,792,awahja,10,fw,1.0
792,806,793,Zyfra,30,df,1.0
793,1062,794,Ocelot,30,df,1.0
794,1318,795,guesmi206,20,mf,1.0
795,1574,796,GainTech,10,fw,1.0
796,39,797,Abideco,20,mf,1.0
797,1063,798,DZZZZZ,20,mf,1.0
798,1319,799,Paulo,20,mf,1.0
799,1575,800,Caragiale,10,fw,1.0
800,552,801,elgordodomplin,10,fw,1.0
801,1064,802,santirri,10,fw,1.0
802,1576,803,kuku,10,fw,1.0
803,297,804,OscarAlho,30,df,1.0
804,553,805,menel,10,fw,1.0
805,1065,806,pelotudito,10,fw,1.0
806,1577,807,S3BA,10,fw,1.0
807,42,808,marcianeke,20,mf,1.0
808,298,809,DimiZo,30,df,1.0
809,554,810,Eymennnnnnn,10,fw,1.0
810,810,811,starycwel,20,mf,1.0
811,1322,812,Newkyo,10,fw,1.0
812,1578,813,Ziggic,20,mf,1.0
813,43,814,Capo,10,fw,1.0
814,299,815,Dawa,20,mf,1.0
815,555,816,Lagaswedow,30,df,1.0
816,1067,817,fifer,10,fw,1.0
817,1323,818,Newkyoo,20,mf,1.0
818,1579,819,Jotaro,10,fw,1.0
819,44,820,carlitos78,20,mf,1.0
820,556,821,KAKUTE,10,fw,1.0
821,812,822,Berkay,20,mf,1.0
822,1068,823,DominoL,30,df,1.0
823,1324,824,ÇýÄÄkick,20,mf,1.0
824,1580,825,aa5tas,10,fw,1.0
825,45,826,natan,30,df,1.0
826,301,827,PALIN,30,df,1.0
827,557,828,XYZ,10,fw,1.0
828,1069,829,Fidapeste,30,df,1.0
829,1325,830,alex007,10,fw,1.0
830,1581,831,Comedor666,10,fw,1.0
831,1070,832,Hasancio,10,fw,1.0
832,1582,833,Safa,10,fw,1.0
833,47,834,Diegood,10,fw,1.0
834,815,835,fran3ik,10,fw,1.0
835,1071,836,Pablo,10,fw,1.0
836,1583,837,Samfer,30,df,1.0
837,48,838,Frediferinho,20,mf,1.0
838,304,839,carlos,10,fw,1.0
839,560,840,Torres,10,fw,1.0
840,816,841,chudybykimuu,10,fw,1.0
841,1072,842,Ismgol,10,fw,1.0
842,1328,843,taytohonchim,10,fw,1.0
843,49,844,Lury,10,fw,1.0
844,305,845,crunch,20,mf,1.0
845,1073,846,RedSM,20,mf,1.0
846,1329,847,DungSiTink,10,fw,1.0
847,1585,848,Musisi,10,fw,1.0
848,50,849,MISA,20,mf,1.0
849,306,850,chx,20,mf,1.0
850,1330,851,Goin001,10,fw,1.0
851,563,852,Eugene,20,mf,1.0
852,819,853,adri,10,fw,1.0
853,1331,854,barumimarlik,20,mf,1.0
854,1587,855,neymar123,10,fw,1.0
855,564,856,Zémanel,10,fw,1.0
856,820,857,Ballsdeep,20,mf,1.0
857,1076,858,RaynerSan,30,df,1.0
858,1332,859,ExitWounds_AMF,20,mf,1.0
859,309,860,Yavuz_1517,10,fw,1.0
860,565,861,ErenT,10,fw,1.0
861,821,862,mulli,10,fw,1.0
862,1077,863,lok,10,fw,1.0
863,566,864,Marco,10,fw,1.0
864,822,865,Obed,10,fw,1.0
865,1078,866,Porcel,10,fw,1.0
866,1334,867,XAXETE,10,fw,1.0
867,55,868,dehVuyw,10,fw,1.0
868,311,869,Mau,10,fw,1.0
869,567,870,Chico,10,fw,1.0
870,823,871,cristiano_jr,10,fw,1.0
871,1079,872,D.Adiyah,10,fw,1.0
872,1335,873,Jake,20,mf,1.0
873,568,874,Tchelo,10,fw,1.0
874,824,875,cristianoJR,10,fw,1.0
875,1336,876,astre21,10,fw,1.0
876,1592,877,M.rMeen,30,df,1.0
877,569,878,wowTH,10,fw,1.0
878,1081,879,Hergannon,20,mf,1.0
879,1337,880,ForU,10,fw,1.0
880,1593,881,keelan,10,fw,1.0
881,826,882,Bolso,30,df,1.0
882,1338,883,Uroš,10,fw,1.0
883,1594,884,last,10,fw,1.0
884,59,885,lusca,10,fw,1.0
885,1339,886,ForYou,20,mf,1.0
886,1595,887,dasd,10,fw,1.0
887,1084,888,Adi,10,fw,1.0
888,1340,889,hgc,10,fw,1.0
889,1596,890,kiws,10,fw,1.0
890,317,891,MCLANOPOETA,10,fw,1.0
891,573,892,darki,10,fw,1.0
892,1085,893,backtick,20,mf,1.0
893,1341,894,SafeTyCut,10,fw,1.0
894,574,895,NOBOLA,10,fw,1.0
895,1086,896,Gentile,30,df,1.0
896,1342,897,de_poti,10,fw,1.0
897,1598,898,Alessandro,10,fw,1.0
898,63,899,zukho,10,fw,1.0
899,319,900,Rapos,20,mf,1.0
900,575,901,Rozzoneri,20,mf,1.0
901,831,902,D1xeR,20,mf,1.0
902,1087,903,Wert,20,mf,1.0
903,1343,904,zrzrfzf,10,fw,1.0
904,1599,905,Mateusgot,10,fw,1.0
905,576,906,Lynch,10,fw,1.0
906,832,907,D1xeRR,10,fw,1.0
907,1344,908,MM2020PL,10,fw,1.0
908,1600,909,Abdu,10,fw,1.0
909,577,910,P1KUD0,10,fw,1.0
910,833,911,Henri,20,mf,1.0
911,1089,912,VqDrift,10,fw,1.0
912,1601,913,LaLisa,30,df,1.0
913,322,914,Craig,20,mf,1.0
914,578,915,Chonku,20,mf,1.0
915,834,916,DeepLying,20,mf,1.0
916,1346,917,Nody,10,fw,1.0
917,1602,918,Meen,30,df,1.0
918,835,919,Seyfi_Kayra,10,fw,1.0
919,1091,920,LOL10,10,fw,1.0
920,1603,921,oeea,10,fw,1.0
921,836,922,xxxNIG6A69XX,10,fw,1.0
922,1092,923,AndersonG,10,fw,1.0
923,1348,924,khoinguyen11,10,fw,1.0
924,1604,925,Tade,10,fw,1.0
925,581,926,Arcado,10,fw,1.0
926,1093,927,Girlsecs,10,fw,1.0
927,1349,928,NICKY,10,fw,1.0
928,1605,929,Kokos,20,mf,1.0
929,326,930,leandrovb,20,mf,1.0
930,582,931,Leader,20,mf,1.0
931,1094,932,Rsouza,10,fw,1.0
932,1350,933,Kalcho,10,fw,1.0
933,1606,934,ORLAMDO,20,mf,1.0
934,71,935,Abyss,10,fw,1.0
935,327,936,BORODKINA,10,fw,1.0
936,583,937,KennyTe,20,mf,1.0
937,1351,938,kenny,10,fw,1.0
938,328,939,ArsenyanMilena,10,fw,1.0
939,584,940,Legolas,10,fw,1.0
940,1096,941,Trick2g,10,fw,1.0
941,1352,942,ISANGi,10,fw,1.0
942,1608,943,yMarkiie,10,fw,1.0
943,329,944,CNSX,20,mf,1.0
944,585,945,elamanosdedios,10,fw,1.0
945,1097,946,F.Lampard,20,mf,1.0
946,1353,947,TBTREM,20,mf,1.0
947,1609,948,elbaqa,20,mf,1.0
948,330,949,fodasekeke,20,mf,1.0
949,586,950,Kamel,10,fw,1.0
950,1354,951,roberto,10,fw,1.0
951,1610,952,Jemilia88,30,df,1.0
952,1099,953,TEST,10,fw,1.0
953,1611,954,ozqar,20,mf,1.0
954,76,955,Aris,10,fw,1.0
955,844,956,bozo,10,fw,1.0
956,1100,957,KONOROS,10,fw,1.0
957,1356,958,golaso,10,fw,1.0
958,845,959,Barbo,10,fw,1.0
959,1101,960,Afro,20,mf,1.0
960,1357,961,pipo,10,fw,1.0
961,334,962,PauloDasBalas,20,mf,1.0
962,590,963,SERRISETE7CR7,10,fw,1.0
963,846,964,KFCRIA,10,fw,1.0
964,1102,965,Marega,10,fw,1.0
965,1358,966,Goldenayer,20,mf,1.0
966,1614,967,Coleu,30,df,1.0
967,847,968,JLririzz,20,mf,1.0
968,1103,969,Badhan,10,fw,1.0
969,1615,970,yjxf,10,fw,1.0
970,80,971,TOM.BOMBADIL,20,mf,1.0
971,592,972,Sobrecem,20,mf,1.0
972,1104,973,dddd,10,fw,1.0
973,1616,974,MiltonLeite,10,fw,1.0
974,593,975,BIGJMAN,10,fw,1.0
975,849,976,TucanuHulk,20,mf,1.0
976,1105,977,ddd,10,fw,1.0
977,1361,978,Pugliese,10,fw,1.0
978,338,979,smirt,10,fw,1.0
979,850,980,Ynnagus,30,df,1.0
980,1106,981,Josesin,20,mf,1.0
981,1362,982,ssss520,10,fw,1.0
982,339,983,JOINT,30,df,1.0
983,595,984,muzxs,10,fw,1.0
984,851,985,João_Ricardo,10,fw,1.0
985,1107,986,Lacho,20,mf,1.0
986,1363,987,dadad,10,fw,1.0
987,1619,988,rIBAMITOOO,10,fw,1.0
988,340,989,grubyszpica,10,fw,1.0
989,596,990,Mishi,20,mf,1.0
990,852,991,jricardogb,10,fw,1.0
991,1108,992,kaio,10,fw,1.0
992,1364,993,Nere,10,fw,1.0
993,1620,994,sim,10,fw,1.0
994,341,995,pelotu3,10,fw,1.0
995,853,996,fiveamor,10,fw,1.0
996,1109,997,ÐÂÐÂ,10,fw,1.0
997,1621,998,Teteu,10,fw,1.0
998,342,999,Mathiqs,10,fw,1.0
999,854,1000,hnzamor,10,fw,1.0
1000,1110,1001,rogerguedes123,10,fw,1.0
1001,87,1002,NaniCM,20,mf,1.0
1002,343,1003,Tasso,20,mf,1.0
1003,855,1004,Patatinho,10,fw,1.0
1004,856,1005,yossi,10,fw,1.0
1005,1112,1006,nathã,10,fw,1.0
1006,1368,1007,yosshixdd,10,fw,1.0
1007,1624,1008,ronaldiño,20,mf,1.0
1008,857,1009,ani,10,fw,1.0
1009,1113,1010,adsasdasd,10,fw,1.0
1010,1369,1011,Kabuu,30,df,1.0
1011,1625,1012,Maiteer,10,fw,1.0
1012,858,1013,roro73,20,mf,1.0
1013,1114,1014,Jehane,30,df,1.0
1014,1626,1015,hunkox,10,fw,1.0
1015,859,1016,Yooba,10,fw,1.0
1016,1115,1017,Zin,10,fw,1.0
1017,1371,1018,sipodfah,20,mf,1.0
1018,1627,1019,hunLaurita,10,fw,1.0
1019,860,1020,Albergo,10,fw,1.0
1020,1116,1021,H4RDY,20,mf,1.0
1021,1372,1022,ShensitoLindo,20,mf,1.0
1022,93,1023,Johnny,10,fw,1.0
1023,349,1024,gui,10,fw,1.0
1024,861,1025,Fall,20,mf,1.0
1025,1117,1026,azertio,20,mf,1.0
1026,1373,1027,bobo,10,fw,1.0
1027,606,1028,renatovali,20,mf,1.0
1028,862,1029,Suuuuuuuuuuuuu,10,fw,1.0
1029,1118,1030,Brito,10,fw,1.0
1030,1374,1031,Arife,20,mf,1.0
1031,607,1032,nooyes,10,fw,1.0
1032,863,1033,nana9999,20,mf,1.0
1033,1119,1034,Hitler,10,fw,1.0
1034,1375,1035,Talisca,20,mf,1.0
1035,608,1036,SherriMC,10,fw,1.0
1036,864,1037,Zrakiel,20,mf,1.0
1037,1120,1038,SBPzin,10,fw,1.0
1038,1376,1039,Raymond_XD,10,fw,1.0
1039,1632,1040,JaMorreu,30,df,1.0
1040,609,1041,Ema,10,fw,1.0
1041,1121,1042,Gieeszu,30,df,1.0
1042,1633,1043,STRONZ0,20,mf,1.0
1043,354,1044,shalom,30,df,1.0
1044,610,1045,Alleseïr,10,fw,1.0
1045,866,1046,GABIGOLEADR,20,mf,1.0
1046,1122,1047,KNGalone,10,fw,1.0
1047,355,1048,Possidientist,10,fw,1.0
1048,611,1049,Aurorix,20,mf,1.0
1049,867,1050,SkyLHZ,20,mf,1.0
1050,1123,1051,efe,10,fw,1.0
1051,1635,1052,AndreKick,10,fw,1.0
1052,356,1053,Goku,10,fw,1.0
1053,1124,1054,TAA66,10,fw,1.0
1054,1380,1055,NickRadioativo,20,mf,1.0
1055,1636,1056,saffe03,10,fw,1.0
1056,1125,1057,mateo,10,fw,1.0
1057,1381,1058,Tilin,20,mf,1.0
1058,1637,1059,Luan,10,fw,1.0
1059,870,1060,KenanEindhoven,10,fw,1.0
1060,1126,1061,tete,20,mf,1.0
1061,1638,1062,Davidwar,10,fw,1.0
1062,871,1063,nataka,10,fw,1.0
1063,1639,1064,Gürkan,10,fw,1.0
1064,360,1065,PatrickEnglish,10,fw,1.0
1065,872,1066,Neuken,10,fw,1.0
1066,1128,1067,Getulio,20,mf,1.0
1067,1384,1068,Atenea,20,mf,1.0
1068,361,1069,Jeffo,10,fw,1.0
1069,617,1070,N3rb,10,fw,1.0
1070,873,1071,MzK,10,fw,1.0
1071,1129,1072,Darks,30,df,1.0
1072,106,1073,Insert,10,fw,1.0
1073,874,1074,Tone,10,fw,1.0
1074,1130,1075,Swann69,30,df,1.0
1075,1386,1076,Biel,20,mf,1.0
1076,875,1077,David123,10,fw,1.0
1077,1131,1078,Tun0,20,mf,1.0
1078,1387,1079,Deya,10,fw,1.0
1079,364,1080,Gothsloth,20,mf,1.0
1080,620,1081,chucky,20,mf,1.0
1081,876,1082,Juangabrielrsz,10,fw,1.0
1082,1388,1083,Contreras,30,df,1.0
1083,365,1084,Gero,10,fw,1.0
1084,621,1085,deadnansplate,20,mf,1.0
1085,877,1086,juqni,10,fw,1.0
1086,1133,1087,alba,10,fw,1.0
1087,366,1088,Abel,20,mf,1.0
1088,622,1089,Vance,20,mf,1.0
1089,878,1090,wuxiaoshi,10,fw,1.0
1090,1390,1091,goleirobiel,10,fw,1.0
1091,367,1092,archie,10,fw,1.0
1092,623,1093,Intzz,10,fw,1.0
1093,879,1094,Ching,20,mf,1.0
1094,368,1095,Wulfgar,20,mf,1.0
1095,880,1096,laopi,20,mf,1.0
1096,1392,1097,Yubenson,10,fw,1.0
1097,625,1098,Joao,30,df,1.0
1098,881,1099,texugo,10,fw,1.0
1099,1137,1100,Zeetsu,30,df,1.0
1100,114,1101,Dibres,20,mf,1.0
1101,370,1102,Souza,20,mf,1.0
1102,626,1103,ernestro,10,fw,1.0
1103,1394,1104,Kellbson,10,fw,1.0
1104,371,1105,Espiga_SM,20,mf,1.0
1105,883,1106,Francisco,20,mf,1.0
1106,1395,1107,asdffa,10,fw,1.0
1107,372,1108,Crucigato,20,mf,1.0
1108,884,1109,vinizo,20,mf,1.0
1109,1140,1110,hermann,10,fw,1.0
1110,1396,1111,NoobJr,10,fw,1.0
1111,1141,1112,Mast3rm1nD,20,mf,1.0
1112,1397,1113,AMUK786,10,fw,1.0
1113,118,1114,Copiador,20,mf,1.0
1114,630,1115,EfeFurgan,10,fw,1.0
1115,1398,1116,jimmy,10,fw,1.0
1116,375,1117,Wer1noX,10,fw,1.0
1117,631,1118,Miquel,10,fw,1.0
1118,1399,1119,123shish,10,fw,1.0
1119,120,1120,RONALPASTABASE,10,fw,1.0
1120,376,1121,xaz,10,fw,1.0
1121,632,1122,Ozewww,20,mf,1.0
1122,888,1123,Iguin,10,fw,1.0
1123,1144,1124,Lupe,30,df,1.0
1124,1400,1125,River,10,fw,1.0
1125,121,1126,darkan,10,fw,1.0
1126,1401,1127,Papu82,10,fw,1.0
1127,122,1128,Yaku,30,df,1.0
1128,634,1129,cristian,20,mf,1.0
1129,890,1130,rthghgy,20,mf,1.0
1130,635,1131,sussolini,10,fw,1.0
1131,891,1132,MasonMount,20,mf,1.0
1132,1147,1133,pato,10,fw,1.0
1133,1403,1134,SSCB,10,fw,1.0
1134,380,1135,Elijah,20,mf,1.0
1135,636,1136,milad,10,fw,1.0
1136,892,1137,Moj.,10,fw,1.0
1137,1148,1138,Miago,30,df,1.0
1138,1404,1139,mgothman,10,fw,1.0
1139,381,1140,MARTRANZA,10,fw,1.0
1140,637,1141,stevets,10,fw,1.0
1141,893,1142,WOLF,20,mf,1.0
1142,1149,1143,PPhoenix,20,mf,1.0
1143,1405,1144,Wolker,10,fw,1.0
1144,382,1145,Joaquin,20,mf,1.0
1145,638,1146,AfpS,10,fw,1.0
1146,894,1147,Ragler,20,mf,1.0
1147,1150,1148,Boi,10,fw,1.0
1148,895,1149,PrincipePyrex,10,fw,1.0
1149,1151,1150,sKFulll,10,fw,1.0
1150,1407,1151,G3LiK,10,fw,1.0
1151,640,1152,AhmetX,10,fw,1.0
1152,896,1153,ERK,10,fw,1.0
1153,1152,1154,Miggs,10,fw,1.0
1154,1408,1155,EBOla,10,fw,1.0
1155,385,1156,LouMuo,10,fw,1.0
1156,641,1157,Thanatos,20,mf,1.0
1157,897,1158,Tomei,10,fw,1.0
1158,1153,1159,ixtvx_gol,10,fw,1.0
1159,1409,1160,Khadian,30,df,1.0
1160,130,1161,VQmember,10,fw,1.0
1161,386,1162,Gabigol,20,mf,1.0
1162,898,1163,Rocky,10,fw,1.0
1163,1154,1164,balotelis,10,fw,1.0
1164,1410,1165,darius,10,fw,1.0
1165,131,1166,Stylish,20,mf,1.0
1166,387,1167,FredGoll77,10,fw,1.0
1167,643,1168,thanh,10,fw,1.0
1168,899,1169,rodrogas,20,mf,1.0
1169,1411,1170,ibrakadabra,10,fw,1.0
1170,388,1171,Yodinha,10,fw,1.0
1171,900,1172,Joselito13,10,fw,1.0
1172,1156,1173,Orphen,10,fw,1.0
1173,1412,1174,bjaaarneee,10,fw,1.0
1174,389,1175,ErAzOr,10,fw,1.0
1175,645,1176,cam,10,fw,1.0
1176,1157,1177,Jurubinha.,20,mf,1.0
1177,1413,1178,Popeye,30,df,1.0
1178,390,1179,choho,10,fw,1.0
1179,902,1180,DarkMeme,20,mf,1.0
1180,1158,1181,jae,10,fw,1.0
1181,1414,1182,Vlahovic,10,fw,1.0
1182,391,1183,Rivlado,20,mf,1.0
1183,647,1184,niggaballs,10,fw,1.0
1184,903,1185,XicoBr,10,fw,1.0
1185,1159,1186,hector,10,fw,1.0
1186,1415,1187,dawq34344,10,fw,1.0
1187,136,1188,Cuco,30,df,1.0
1188,648,1189,Zeenyoo,20,mf,1.0
1189,904,1190,Lugol,10,fw,1.0
1190,1160,1191,Atlanty,20,mf,1.0
1191,1416,1192,jonghak,20,mf,1.0
1192,137,1193,Yaami,10,fw,1.0
1193,905,1194,DfideliZ,20,mf,1.0
1194,1417,1195,nrc_supreme,10,fw,1.0
1195,650,1196,Olivier,10,fw,1.0
1196,906,1197,GioMF18,20,mf,1.0
1197,1162,1198,cherilpro2008,10,fw,1.0
1198,1418,1199,chaves,10,fw,1.0
1199,651,1200,Olivierrtfg,10,fw,1.0
1200,907,1201,zkn3w,10,fw,1.0
1201,1163,1202,Julin,20,mf,1.0
1202,1419,1203,Hava,20,mf,1.0
1203,396,1204,MartinXD12345,10,fw,1.0
1204,652,1205,Bouza,10,fw,1.0
1205,1164,1206,Dan.M,20,mf,1.0
1206,1420,1207,ManezinGaucho,20,mf,1.0
1207,397,1208,ATHAMMS,10,fw,1.0
1208,653,1209,SamukelYT,10,fw,1.0
1209,909,1210,Pichulita,10,fw,1.0
1210,1421,1211,pr7,10,fw,1.0
1211,142,1212,wagnerbr,10,fw,1.0
1212,398,1213,CacaduBR,10,fw,1.0
1213,910,1214,kazzo,10,fw,1.0
1214,1166,1215,Anna,10,fw,1.0
1215,1422,1216,aaaaaaaaaaaaae,10,fw,1.0
1216,911,1217,UnclePec,20,mf,1.0
1217,1167,1218,SneekyB,20,mf,1.0
1218,1423,1219,ÓÃÊÖÌßÇò,20,mf,1.0
1219,400,1220,Yone13,10,fw,1.0
1220,656,1221,Balla,20,mf,1.0
1221,1168,1222,Alicia,10,fw,1.0
1222,1424,1223,Griezzman,20,mf,1.0
1223,145,1224,Nozzi,10,fw,1.0
1224,401,1225,Zirulboy,20,mf,1.0
1225,657,1226,rilkezoka,10,fw,1.0
1226,913,1227,Lucas,10,fw,1.0
1227,1425,1228,1Jose,20,mf,1.0
1228,146,1229,Mako,10,fw,1.0
1229,402,1230,m3llys,20,mf,1.0
1230,658,1231,Haaland_GOD,10,fw,1.0
1231,914,1232,Vinnie,10,fw,1.0
1232,1170,1233,Alicia1,10,fw,1.0
1233,147,1234,Defender,30,df,1.0
1234,659,1235,el..pichulo,10,fw,1.0
1235,1171,1236,RodriPRAH,10,fw,1.0
1236,1428,1237,MasterYoda,20,mf,1.0
1237,405,1238,sorionxd,20,mf,1.0
1238,917,1239,Ipswich,10,fw,1.0
1239,662,1240,Bolatti,10,fw,1.0
1240,918,1241,elgoleador,10,fw,1.0
1241,1174,1242,Hugo,10,fw,1.0
1242,1430,1243,Joshie,10,fw,1.0
1243,407,1244,alexsei111,10,fw,1.0
1244,663,1245,EMILIANOPAPA,10,fw,1.0
1245,919,1246,Byshy,20,mf,1.0
1246,1175,1247,Kuceravy,10,fw,1.0
1247,152,1248,demonn,10,fw,1.0
1248,664,1249,QQQQ,10,fw,1.0
1249,1432,1250,bosingwa,10,fw,1.0
1250,409,1251,oguzhanmurat,10,fw,1.0
1251,1177,1252,MiPene,10,fw,1.0
1252,410,1253,Zeca,20,mf,1.0
1253,922,1254,Ak.EZE,20,mf,1.0
1254,1178,1255,glm,20,mf,1.0
1255,411,1256,McDeadass,30,df,1.0
1256,667,1257,OhhiBob,10,fw,1.0
1257,1179,1258,SOBRAL,20,mf,1.0
1258,412,1259,Garik,20,mf,1.0
1259,924,1260,Binz,30,df,1.0
1260,1180,1261,tfujstary,10,fw,1.0
1261,413,1262,syxct,10,fw,1.0
1262,1181,1263,Yusuf,20,mf,1.0
1263,414,1264,Vlazu,20,mf,1.0
1264,670,1265,AramoR62,20,mf,1.0
1265,1182,1266,Lucky,10,fw,1.0
1266,671,1267,thanh1,10,fw,1.0
1267,927,1268,Kielson,10,fw,1.0
1268,1183,1269,qwrqwrzzz,20,mf,1.0
1269,160,1270,XxKamuraxX,10,fw,1.0
1270,416,1271,PatatesMusti,20,mf,1.0
1271,672,1272,zDK,20,mf,1.0
1272,1184,1273,minja,10,fw,1.0
1273,673,1274,nick,10,fw,1.0
1274,929,1275,ZehMane,10,fw,1.0
1275,1185,1276,meclamet,30,df,1.0
1276,1441,1277,estebanuuuuuuu,10,fw,1.0
1277,162,1278,Holby,30,df,1.0
1278,674,1279,Sprina,30,df,1.0
1279,930,1280,Esteban,10,fw,1.0
1280,1186,1281,AlwaysGoal,10,fw,1.0
1281,1442,1282,Buraking,20,mf,1.0
1282,163,1283,Cutandowski,10,fw,1.0
1283,419,1284,BlaxZtar,10,fw,1.0
1284,675,1285,Jonh,30,df,1.0
1285,931,1286,ISAQUEBANDIDO,20,mf,1.0
1286,1443,1287,Karamangoat,10,fw,1.0
1287,420,1288,Luky,20,mf,1.0
1288,676,1289,JonhXD,30,df,1.0
1289,421,1290,locomotora,20,mf,1.0
1290,677,1291,Bennoz,10,fw,1.0
1291,1189,1292,tromponi123,20,mf,1.0
1292,1445,1293,Rübery,20,mf,1.0
1293,422,1294,BlaxZtar1,10,fw,1.0
1294,934,1295,Mascarov,20,mf,1.0
1295,1190,1296,thejilet,10,fw,1.0
1296,1446,1297,Wissy,10,fw,1.0
1297,167,1298,Lukez,30,df,1.0
1298,423,1299,asdasd,10,fw,1.0
1299,679,1300,PADRIM,10,fw,1.0
1300,1191,1301,Pituca,20,mf,1.0
1301,1447,1302,Win32.Trojan,10,fw,1.0
1302,424,1303,blarxstar,10,fw,1.0
1303,680,1304,Leski,10,fw,1.0
1304,936,1305,Luis,20,mf,1.0
1305,1448,1306,Wladi_,10,fw,1.0
1306,681,1307,Ota,10,fw,1.0
1307,937,1308,cjbahiano,10,fw,1.0
1308,1193,1309,Flambelk,20,mf,1.0
1309,170,1310,Mitoatacante,10,fw,1.0
1310,682,1311,Emanuel,20,mf,1.0
1311,427,1312,zafer,10,fw,1.0
1312,683,1313,Brzezik,10,fw,1.0
1313,1451,1314,erwnsto,10,fw,1.0
1314,428,1315,Bonucci,10,fw,1.0
1315,684,1316,fabio,10,fw,1.0
1316,1452,1317,AmSikiciKangal,10,fw,1.0
1317,429,1318,Acerbi,30,df,1.0
1318,685,1319,juhuih,10,fw,1.0
1319,941,1320,felps212121,30,df,1.0
1320,1197,1321,Beckerss,10,fw,1.0
1321,686,1322,tggtftttttttt,10,fw,1.0
1322,942,1323,Nemo,20,mf,1.0
1323,687,1324,rtdrrtyt54t,10,fw,1.0
1324,943,1325,Vasya,10,fw,1.0
1325,944,1326,Vasya2,10,fw,1.0
1326,1456,1327,emre,10,fw,1.0
1327,433,1328,Lord_Fralda,10,fw,1.0
1328,945,1329,Vasya3,10,fw,1.0
1329,1201,1330,Kouta,10,fw,1.0
1330,1457,1331,kaan,10,fw,1.0
1331,178,1332,Cbolinha,10,fw,1.0
1332,946,1333,hungvo,10,fw,1.0
1333,1458,1334,iAmBaroni,10,fw,1.0
1334,179,1335,Artevelde,30,df,1.0
1335,435,1336,ale10acade,20,mf,1.0
1336,691,1337,ali,10,fw,1.0
1337,1459,1338,SASUKE,10,fw,1.0
1338,180,1339,Bayek,20,mf,1.0
1339,436,1340,petri,10,fw,1.0
1340,692,1341,KaiXeno,10,fw,1.0
1341,1204,1342,Pesadelo.99,20,mf,1.0
1342,1460,1343,m10,10,fw,1.0
1343,181,1344,Bayeca,10,fw,1.0
1344,437,1345,bautilom,20,mf,1.0
1345,693,1346,Blackao,20,mf,1.0
1346,1461,1347,arfangemok,10,fw,1.0
1347,182,1348,Baitola,30,df,1.0
1348,438,1349,lolo,10,fw,1.0
1349,694,1350,Black,20,mf,1.0
1350,950,1351,Aronnn,10,fw,1.0
1351,1206,1352,Negueba,10,fw,1.0
1352,1462,1353,Tricky,10,fw,1.0
1353,439,1354,Dende,10,fw,1.0
1354,695,1355,MARLON,10,fw,1.0
1355,951,1356,Yoonha,20,mf,1.0
1356,1463,1357,31ci,10,fw,1.0
1357,440,1358,C2hN,10,fw,1.0
1358,952,1359,MrsFoster,20,mf,1.0
1359,1208,1360,SteeL,20,mf,1.0
1360,1464,1361,Aldriche,20,mf,1.0
1361,441,1362,oBoltus,10,fw,1.0
1362,953,1363,leo,10,fw,1.0
1363,1209,1364,Jean10,10,fw,1.0
1364,1465,1365,Craq,10,fw,1.0
1365,698,1366,PROZ,10,fw,1.0
1366,1210,1367,A.Carrara,20,mf,1.0
1367,187,1368,itazura2,10,fw,1.0
1368,443,1369,Qrokit,20,mf,1.0
1369,955,1370,kuroh,20,mf,1.0
1370,1211,1371,Zhenotdel,10,fw,1.0
1371,1467,1372,kwondrew,20,mf,1.0
1372,188,1373,BrioBlu,10,fw,1.0
1373,956,1374,MinnowGP,10,fw,1.0
1374,1212,1375,shevà,10,fw,1.0
1375,1468,1376,Vinicius,10,fw,1.0
1376,1213,1377,aksbahsv,20,mf,1.0
1377,1469,1378,Vinicius22,10,fw,1.0
1378,702,1379,neymar,10,fw,1.0
1379,1214,1380,badman,10,fw,1.0
1380,1470,1381,tawwwwwwwww,10,fw,1.0
1381,447,1382,AdresSiesta,20,mf,1.0
1382,703,1383,David,10,fw,1.0
1383,1215,1384,Rajmiiii,10,fw,1.0
1384,1471,1385,event0r,10,fw,1.0
1385,448,1386,FREES_BACK,30,df,1.0
1386,704,1387,Reid,10,fw,1.0
1387,960,1388,DRAGONPUCA2,20,mf,1.0
1388,1216,1389,AquaWeeVyl,10,fw,1.0
1389,1472,1390,Franco,20,mf,1.0
1390,705,1391,OROSPU,10,fw,1.0
1391,1217,1392,ElBicho,10,fw,1.0
1392,1473,1393,Serdar,10,fw,1.0
1393,194,1394,Puyol,30,df,1.0
1394,706,1395,fxmollla,20,mf,1.0
1395,1218,1396,Giannis,10,fw,1.0
1396,1474,1397,Nwakame,10,fw,1.0
1397,451,1398,hijlk,20,mf,1.0
1398,707,1399,Maffei,10,fw,1.0
1399,963,1400,FENOMENO,10,fw,1.0
1400,1219,1401,Joqco,10,fw,1.0
1401,1475,1402,Yorudan,10,fw,1.0
1402,196,1403,campari,30,df,1.0
1403,452,1404,ArendK,20,mf,1.0
1404,1220,1405,Toglogch,30,df,1.0
1405,1476,1406,xrhstos,20,mf,1.0
1406,453,1407,Pipocazueli,20,mf,1.0
1407,709,1408,Nahu,30,df,1.0
1408,965,1409,xi619,30,df,1.0
1409,1477,1410,Petru,20,mf,1.0
1410,710,1411,Kamo,10,fw,1.0
1411,1222,1412,Martin,10,fw,1.0
1412,1478,1413,jao,10,fw,1.0
1413,711,1414,s4nty14,10,fw,1.0
1414,967,1415,europeu,10,fw,1.0
1415,1223,1416,Martinho,10,fw,1.0
1416,1479,1417,longxian,10,fw,1.0
1417,456,1418,Coszmin,20,mf,1.0
1418,712,1419,DARKLEO,30,df,1.0
1419,968,1420,Jesse,10,fw,1.0
1420,1224,1421,Zarr,20,mf,1.0
1421,1480,1422,Wanbiss,20,mf,1.0
1422,713,1423,PiToka,20,mf,1.0
1423,969,1424,JayCu,10,fw,1.0
1424,1481,1425,Dudek,10,fw,1.0
1425,458,1426,Coniiiiiiii,20,mf,1.0
1426,714,1427,Kento,10,fw,1.0
1427,970,1428,Procyon,20,mf,1.0
1428,1226,1429,Paulista,20,mf,1.0
1429,1482,1430,32raven32,10,fw,1.0
1430,203,1431,Richardson,20,mf,1.0
1431,459,1432,juan,30,df,1.0
1432,715,1433,KL4U55,10,fw,1.0
1433,1483,1434,dett,10,fw,1.0
1434,972,1435,worfi,10,fw,1.0
1435,1484,1436,HRQ,20,mf,1.0
1436,205,1437,xzertg,10,fw,1.0
1437,973,1438,Ash,20,mf,1.0
1438,1229,1439,Faizal,10,fw,1.0
1439,1485,1440,DDen,10,fw,1.0
1440,206,1441,Chinosam230,30,df,1.0
1441,974,1442,Ruhm,20,mf,1.0
1442,1230,1443,Dyer,10,fw,1.0
1443,1486,1444,juliete,10,fw,1.0
1444,207,1445,Idriss,10,fw,1.0
1445,463,1446,Bigode,20,mf,1.0
1446,719,1447,sen_dantt,20,mf,1.0
1447,975,1448,Pedia,30,df,1.0
1448,1231,1449,BoMb3iRo,10,fw,1.0
1449,1487,1450,Tassakul,10,fw,1.0
1450,464,1451,Zoming,10,fw,1.0
1451,720,1452,schangele,10,fw,1.0
1452,976,1453,eblan,10,fw,1.0
1453,1232,1454,siuu,10,fw,1.0
1454,1488,1455,Eduardolas,10,fw,1.0
1455,465,1456,Svey,10,fw,1.0
1456,721,1457,Adasko,10,fw,1.0
1457,977,1458,freccero,10,fw,1.0
1458,1233,1459,Revenant494,10,fw,1.0
1459,1489,1460,rotyi,10,fw,1.0
1460,466,1461,sikeratargol,20,mf,1.0
1461,722,1462,LemonKiss,10,fw,1.0
1462,978,1463,damian,10,fw,1.0
1463,1234,1464,1bk,10,fw,1.0
1464,1490,1465,SuperNova,30,df,1.0
1465,467,1466,KARTALGOL,10,fw,1.0
1466,723,1467,Yevhen,10,fw,1.0
1467,979,1468,Pepo,10,fw,1.0
1468,1235,1469,azael,10,fw,1.0
1469,1491,1470,Kalif,20,mf,1.0
1470,212,1471,Cobra,30,df,1.0
1471,468,1472,Tiger,30,df,1.0
1472,724,1473,MisterAJ,10,fw,1.0
1473,980,1474,Osman,10,fw,1.0
1474,1492,1475,qew,10,fw,1.0
1475,213,1476,Miku,20,mf,1.0
1476,469,1477,diogao,10,fw,1.0
1477,725,1478,Pedro,10,fw,1.0
1478,981,1479,Osman0,10,fw,1.0
1479,1493,1480,maradroga,20,mf,1.0
1480,214,1481,Zlotowa,30,df,1.0
1481,470,1482,R0mario,10,fw,1.0
1482,726,1483,Zenkk,10,fw,1.0
1483,982,1484,DEBOY,20,mf,1.0
1484,1238,1485,bryant,20,mf,1.0
1485,215,1486,DarSmoje,30,df,1.0
1486,727,1487,Mona.,30,df,1.0
1487,983,1488,Sa0,20,mf,1.0
1488,1239,1489,besinse,20,mf,1.0
1489,1495,1490,M.Hamsik,20,mf,1.0
1490,728,1491,Luna.,10,fw,1.0
1491,984,1492,Nicolas,20,mf,1.0
1492,1240,1493,cr8,20,mf,1.0
1493,1496,1494,CHAPO,10,fw,1.0
1494,985,1495,Mitorji,10,fw,1.0
1495,1497,1496,Mike,20,mf,1.0
1496,474,1497,guyller,10,fw,1.0
1497,1498,1498,lam,10,fw,1.0
1498,219,1499,eLiTzXc,10,fw,1.0
1499,475,1500,Feline,10,fw,1.0
1500,731,1501,jerr,10,fw,1.0
1501,1243,1502,claudinho,20,mf,1.0
1502,1499,1503,ENES,10,fw,1.0
1503,732,1504,REMISTA,10,fw,1.0
1504,988,1505,CrePPyyy,10,fw,1.0
1505,1244,1506,pele,30,df,1.0
1506,1500,1507,Tedchs,20,mf,1.0
1507,1245,1508,ARLANMARCA,10,fw,1.0
1508,1501,1509,Necatidmr1905,10,fw,1.0
1509,734,1510,10mil,10,fw,1.0
1510,990,1511,Madafaka,10,fw,1.0
1511,1246,1512,ARLANROBOZÃO,10,fw,1.0
1512,1502,1513,test001,20,mf,1.0
1513,223,1514,Lion,20,mf,1.0
1514,735,1515,Bakke,10,fw,1.0
1515,991,1516,Bish,20,mf,1.0
1516,1247,1517,Mouhamed,10,fw,1.0
1517,1503,1518,Fictional,30,df,1.0
1518,736,1519,Jota,10,fw,1.0
1519,1248,1520,Mouhamed40,10,fw,1.0
1520,1504,1521,danzzz,20,mf,1.0
1521,481,1522,Lucaszaipo,20,mf,1.0
1522,737,1523,Renato_Zheng,30,df,1.0
1523,1249,1524,Debeselis,10,fw,1.0
1524,226,1525,Kroos12,20,mf,1.0
1525,482,1526,santi,20,mf,1.0
1526,994,1527,MoneyHeist,20,mf,1.0
1527,1250,1528,Akdere,10,fw,1.0
1528,483,1529,Kazuya,30,df,1.0
1529,1251,1530,r00f1t,10,fw,1.0
1530,996,1531,cauazin,10,fw,1.0
1531,1508,1532,ramon,10,fw,1.0
1532,485,1533,113322,30,df,1.0
1533,997,1534,DougHams,10,fw,1.0
1534,1253,1535,leolegeek,20,mf,1.0
1535,1509,1536,OBLONGCHEESE,30,df,1.0
1536,230,1537,barda,10,fw,1.0
1537,486,1538,EAGLE11,10,fw,1.0
1538,742,1539,Thiago,20,mf,1.0
1539,998,1540,ROCK,20,mf,1.0
1540,1254,1541,tino,30,df,1.0
1541,1510,1542,stevenxx11,10,fw,1.0
1542,231,1543,Wigga,10,fw,1.0
1543,487,1544,Jacollo,20,mf,1.0
1544,743,1545,RAYHAN,10,fw,1.0
1545,1255,1546,ony,10,fw,1.0
1546,1256,1547,Zinh,30,df,1.0
1547,1512,1548,daniizzz,10,fw,1.0
1548,745,1549,TIGAS,20,mf,1.0
1549,1001,1550,BoaH,20,mf,1.0
1550,1257,1551,Matteo,10,fw,1.0
1551,1513,1552,ddaannna,10,fw,1.0
1552,490,1553,Stevie,10,fw,1.0
1553,746,1554,Xenaps,20,mf,1.0
1554,1002,1555,Treka,30,df,1.0
1555,235,1556,elisa,10,fw,1.0
1556,747,1557,Pedrito,10,fw,1.0
1557,1003,1558,Negao,10,fw,1.0
1558,236,1559,Josh,10,fw,1.0
1559,1004,1560,Godus,10,fw,1.0
1560,1516,1561,EYMENBUGRA,10,fw,1.0
1561,237,1562,Kain,10,fw,1.0
1562,749,1563,lucci,20,mf,1.0
1563,1005,1564,Roks,10,fw,1.0
1564,1517,1565,CRIS,10,fw,1.0
1565,1006,1566,Mndz,20,mf,1.0
1566,1262,1567,brayaao,10,fw,1.0
1567,1518,1568,BumBum,10,fw,1.0
1568,751,1569,Bililiu,10,fw,1.0
1569,1007,1570,qwewqewqe,10,fw,1.0
1570,1263,1571,brayera,10,fw,1.0
1571,1519,1572,floina,20,mf,1.0
1572,240,1573,Shanks,20,mf,1.0
1573,752,1574,Katriel,20,mf,1.0
1574,1008,1575,SANGRAS,10,fw,1.0
1575,1264,1576,Dezsi,10,fw,1.0
1576,1520,1577,Alan,10,fw,1.0
1577,1265,1578,K.Thanakorn,10,fw,1.0
1578,1521,1579,Vkn_KO,30,df,1.0
1579,754,1580,Bulacha,20,mf,1.0
1580,1010,1581,OVVO,10,fw,1.0
1581,1266,1582,K.Thanakornwit,10,fw,1.0
1582,755,1583,Ugi_Bugi,10,fw,1.0
1583,1011,1584,SmcKjng,30,df,1.0
1584,1267,1585,asd,10,fw,1.0
1585,1523,1586,123456,10,fw,1.0
1586,756,1587,Denis,10,fw,1.0
1587,1012,1588,Chopa,10,fw,1.0
1588,1268,1589,Kazim,10,fw,1.0
1589,1524,1590,Uhuuu,10,fw,1.0
1590,757,1591,Ballgod,20,mf,1.0
1591,1013,1592,qw11,30,df,1.0
1592,1269,1593,Zukitas,10,fw,1.0
1593,1525,1594,BIIJAS,10,fw,1.0
1594,758,1595,Ballgodme55i,20,mf,1.0
1595,1014,1596,NegãoNIGGA,30,df,1.0
1596,1270,1597,Zemmour,20,mf,1.0
1597,1526,1598,Furmiga,10,fw,1.0
1598,247,1599,Chester,10,fw,1.0
1599,759,1600,Telmo,20,mf,1.0
1600,1015,1601,Ciclopius,20,mf,1.0
1601,1271,1602,Nany,10,fw,1.0
1602,248,1603,Martodinho,10,fw,1.0
1603,760,1604,Direkh,20,mf,1.0
1604,1016,1605,Telepixa,10,fw,1.0
1605,1272,1606,Quaresma,10,fw,1.0
1606,1528,1607,MarpZera,20,mf,1.0
1607,249,1608,zShadow__,10,fw,1.0
1608,761,1609,JrBaiano,30,df,1.0
1609,1017,1610,ExodiosXD,20,mf,1.0
1610,1273,1611,KANG,10,fw,1.0
1611,250,1612,SuperShoot32,10,fw,1.0
1612,762,1613,gaurav,10,fw,1.0
1613,1018,1614,Slatra,20,mf,1.0
1614,1274,1615,CoronelFT,10,fw,1.0
1615,1530,1616,Devil,10,fw,1.0
1616,763,1617,F4RUK,10,fw,1.0
1617,1019,1618,Arthur,10,fw,1.0
1618,1275,1619,dondon,10,fw,1.0
1619,1531,1620,Yuonyd,10,fw,1.0
1620,508,1621,gaogao,10,fw,1.0
1621,1276,1622,JamieParty,10,fw,1.0
1622,1532,1623,Yuonyd1,10,fw,1.0
1623,1021,1624,Samurai,10,fw,1.0
1624,1277,1625,Protikat,10,fw,1.0
1625,1533,1626,Riquelme,10,fw,1.0
1626,254,1627,Smecko,20,mf,1.0
1627,510,1628,Alissa,20,mf,1.0
1628,766,1629,serbaji,10,fw,1.0
1629,1022,1630,SonkaBoxer,20,mf,1.0
1630,1278,1631,yamil09,10,fw,1.0
1631,1534,1632,vungoctu,20,mf,1.0
1632,767,1633,Nel,20,mf,1.0
1633,1023,1634,ghost9_,10,fw,1.0
1634,1279,1635,jose21,10,fw,1.0
1635,1535,1636,asdasdasdasd,10,fw,1.0
1636,,,,,,
